T,mse,gamma,C
2,0.21682621655751344,0.0001,1000.0
3,0.6894534926925452,0.001,100.0
4,0.6305286128125284,0.0001,1000.0
5,0.7741420401811828,0.0001,1000.0
6,1.0849953175915072,0.0001,1000.0
7,1.452947307361822,0.001,100.0
8,1.421999391348393,0.001,100.0
9,2.068891792712913,0.001,1000.0
10,2.274558866749904,0.0001,1000.0
11,3.181993190901853,0.001,1000.0
12,1.7490160899832843,0.001,100.0
13,2.0262118410714924,0.001,100.0
14,5.57880707111435,0.001,10000.0
15,1.6599616694726065,0.001,100.0
