T,mse,gamma,C
2,0.2403760489321096,0.01,10.0
3,0.25527844175419856,0.01,10.0
4,1.7511120199190338,0.01,10000.0
5,0.4079612019244548,0.1,1000.0
6,0.5131833498213456,0.01,10000.0
7,0.3834981374801917,0.01,10.0
8,0.4667798323887287,0.01,10.0
9,0.6768849855984006,0.01,10.0
10,1.3383702833797153,0.01,10.0
11,3.0784631115262715,0.1,1000.0
12,0.7147798140502136,0.01,10.0
13,6.953686870681526,0.001,100.0
14,1.3778186771832657,0.0001,1000.0
15,0.8397974267838842,0.001,10.0
