T,mse,gamma,C
2,0.5581369410952491,0.001,1000.0
3,0.6893035547093852,0.001,1000.0
4,1.2395372829302829,0.001,1000.0
5,1.2691545584919603,0.001,1000.0
6,2.1935162338598357,0.001,1000.0
7,1.88009224350338,0.001,10000.0
8,1.9402466204814184,0.001,1000.0
9,2.7590230987534747,0.001,1000.0
10,2.370584084884644,0.001,1000.0
11,2.164132233477665,0.001,10000.0
12,2.5236650299385253,0.001,1000.0
13,2.8367971292568814,0.001,1000.0
14,3.3119726993931238,0.001,1000.0
15,3.207421416205135,0.001,10000.0
