T,mse,gamma,C
2,0.17877628995704606,0.01,10.0
3,0.21589833144446371,0.01,10.0
4,0.3079244495044833,0.01,10.0
5,0.32039114670033164,0.01,10.0
6,0.4573911270171729,0.01,10.0
7,0.6218160487714979,0.001,1000.0
8,0.4851773792346163,0.01,10.0
9,0.5610481377909492,0.01,10.0
10,0.7186494708547418,0.01,10.0
11,0.6696624051965473,0.01,10.0
12,0.6720233691731188,0.01,10.0
13,0.7619257667835384,0.01,10.0
14,0.8274069283397626,0.001,1000.0
15,0.9379215773401176,0.001,1000.0
